First/Last,Name,
First,Aaro,
First,Aarus,
First,Aaryn,
First,Abbos,
First,Abel,
First,Abelus,
First,Abia,
First,Abjiga,
First,Abrahm,
First,Abram,
First,Abramo,
First,Abramus,
First,Abressa,
First,Abria,
First,Abrjia,
First,Abyiga,
First,Abyl,
First,Adam,
First,Adamo,
First,Adamos,
First,Adamus,
First,Adannius,
First,Adanno,
First,Adressa,
First,Adria,
First,Adrian,
First,Adrio,
First,Adrios,
First,Adrjan,
First,Adrjia,
First,Adros,
First,Adryan,
First,Adryia,
First,Adym,
First,Aebria,
First,Aedam,
First,Aedria,
First,Aedrian,
First,Aedrio,
First,Aedyn,
First,Aeli,
First,Aelijah,
First,Aelina,
First,Aelinea,
First,Aelisabeth,
First,Aeliya,
First,Aella,
First,Aelyssa,
First,Aemily,
First,Aemilya,
First,Aemma,
First,Aemo,
First,Aemy,
First,Aendrea,
First,Aendro,
First,Aendrus,
First,Aenglo,
First,Aenry,
First,Aeobreia,
First,Aeria,
First,Aethan,
First,Aethyn,
First,Aeva,
First,Aevan,
First,Aevelyn,
First,Aiden,
First,Aido,
First,Aidos,
First,Aidyn,
Last,Ailes,
First,Aisaac,
First,Aisiah,
First,Aksel,
First,Alaen,
First,Alaexa,
First,Alecks,
First,Aleks,
First,Aleksa,
First,Aleksander,
Last,Aleman,
First,Alennos,
First,Aleno,
Last,Aler,
First,Alessa,
First,Alessana,
First,Alessandro,
First,Alesso,
First,Alexa,
First,Alexander,
First,Alexandyr,
First,Alia,
First,Alija,
First,Alina,
First,Alinea,
First,Alinia,
First,Alisann,
First,Alisea,
First,Alisia,
First,Alisja,
First,Aliss,
First,Alissa,
First,Alisya,
First,Alivia,
First,Alivya,
First,Alivyr,
First,Alix,
First,Aliya,
Last,Allie,
First,Allisann,
First,Allison,
First,Allysann,
First,Allyson,
First,Alonnos,
First,Alonso,
First,Alova,
Last,Altarworthy,
First,Alvan,
First,Alver,
First,Alvero,
First,Alya,
First,Alyce,
First,Alyn,
First,Alyna,
First,Alys,
First,Alysann,
First,Alysea,
First,Alyss,
First,Alyssia,
First,Alyx,
First,Alyxa,
First,Amee,
First,Amelia,
First,Amelya,
First,Ami,
First,Amia,
First,Amilia,
First,Amilja,
First,Amja,
First,Amy,
First,Amya,
First,Andoran,
First,Andre,
First,Andrea,
First,Andrean,
First,Andrej,
First,Andreja,
First,Andrenas,
First,Andres,
First,Andrew,
First,Andrey,
First,Andreya,
First,Andro,
First,Androe,
First,Andros,
First,Andrus,
First,Angel,
First,Angelo,
First,Anglo,
First,Anglos,
First,Anglus,
First,Anika,
First,Anjel,
Last,Anker,
Last,Ankor,
First,Anthony,
First,Anton,
First,Antonio,
First,Antono,
First,Antony,
First,Antonyr,
Last,Anvilson,
First,Anyel,
First,Aodreia,
Last,Appler,
Last,Applin,
Last,Archer,
Last,Archmaker,
First,Aria,
First,Ariana,
First,Arianna,
First,Ariel,
First,Ariella,
First,Arielle,
First,Arja,
First,Arjana,
First,Arjel,
First,Aro,
First,Aros,
First,Arya,
First,Aryana,
First,Aryanna,
First,Aryel,
First,Aryell,
First,Aryella,
First,Ashlena,
First,Ashlene,
First,Ashlyne,
First,Aslena,
First,Asljena,
First,Aslyena,
First,Asten,
First,Astin,
First,Astinus,
First,Astono,
First,Astyn,
First,Athyn,
First,Aubree,
First,Aubria,
First,Audree,
First,Audria,
First,Aurora,
First,Ava,
First,Avaery,
First,Avelia,
First,Avelina,
First,Averee,
First,Averra,
First,Avery,
First,Avia,
First,Avyrie,
Last,Ax,
First,Axel,
First,Axelus,
First,Axlos,
First,Axyl,
First,Ayden,
First,Aydyn,
First,Azalea,
First,Azelia,
First,Azlena,
First,Baella,
Last,Bailey,
Last,Bake,
Last,Bakeler,
Last,Baker,
Last,Ballast,
Last,Bankes,
Last,Banner,
Last,Bannerman,
Last,Barley,
Last,Barleycorn,
Last,Barleywine,
Last,Barman,
Last,Barnard,
Last,Barnes,
Last,Barns,
Last,Barr,
Last,Barre,
Last,Basket,
Last,Baskett,
First,Bastien,
First,Bastio,
First,Bastyen,
Last,Bay,
Last,Bayer,
Last,Bayers,
Last,Bayes,
Last,Beach,
Last,Beacher,
Last,Beacon,
Last,Beanman,
Last,Beans,
Last,Beanstalk,
Last,Beecon,
Last,Beeken,
First,Bela,
Last,Bell,
First,Bella,
First,Belle,
Last,Bellows,
Last,Bend,
Last,Benderman,
First,Benemo,
First,Benemos,
First,Benjamin,
First,Benjamyn,
First,Benjamyr,
First,Benjen,
First,Benyen,
First,Bera,
Last,Berg,
Last,Berger,
Last,Berriman,
Last,Berry,
Last,Berryland,
Last,Berryman,
First,Bertus,
First,Betta,
Last,Bigg,
Last,Biggs,
Last,Bilder,
Last,Bilds,
Last,Billie,
Last,Birch,
Last,Bird,
Last,Birdett,
Last,Black,
Last,Blackfly,
Last,Blackiron,
Last,Blackscale,
Last,Blacksky,
Last,Blacktide,
Last,Blackwater,
Last,Bloom,
Last,Bloomland,
Last,Blow,
Last,Blue,
Last,Bluffclimber,
Last,Bluffe,
Last,Bogg,
Last,Boggs,
Last,Bogs,
Last,Boiles,
Last,Bolt,
Last,Bolte,
Last,Bolter,
Last,Bones,
Last,Bootes,
Last,Boots,
Last,Boulder,
Last,Bowman,
Last,Boyle,
Last,Boyles,
First,Braddeus,
First,Brado,
First,Bradyn,
First,Braendyn,
First,Brahm,
First,Brahn,
First,Braidyn,
First,Bram,
First,Brammos,
First,Bran,
Last,Branch,
Last,Brand,
First,Brandjen,
First,Brando,
First,Brandyn,
First,Brannos,
First,Branus,
First,Bree,
First,Breia,
Last,Brewer,
Last,Brewster,
First,Brianna,
Last,Bricker,
Last,Brickhouse,
Last,Brickman,
Last,Bricks,
Last,Bridges,
First,Bridos,
Last,Brigg,
Last,Briggs,
Last,Bright,
Last,Brightstar,
First,Brinn,
First,Brinna,
First,Brjia,
First,Brocalina,
Last,Broiles,
First,Brokalina,
First,Bronn,
First,Bronnos,
First,Brooka,
First,Brooke,
First,Brooklinea,
First,Brooklyn,
Last,Brown,
Last,Brownard,
Last,Browne,
Last,Brownland,
Last,Broyler,
Last,Broyles,
First,Bruka,
First,Bruno,
Last,Brush,
Last,Brushfire,
First,Bryan,
First,Bryanna,
Last,Brycks,
First,Brydus,
First,Bryia,
First,Bryn,
First,Brynden,
First,Bryne,
First,Brynn,
First,Brynna,
First,Bryus,
Last,Buck,
Last,Builder,
Last,Bulder,
Last,Bull,
Last,Bullyard,
Last,Burg,
Last,Burger,
Last,Burgh,
Last,Burgher,
Last,Burns,
Last,Butcher,
Last,Butchett,
Last,Button,
Last,Buttonworth,
Last,Buzzfly,
Last,Byggs,
Last,Byrch,
Last,Byrd,
Last,Byrdman,
Last,Cabbage,
First,Caeleb,
First,Caelyb,
First,Caemila,
First,Caerlos,
First,Caerlotta,
First,Caertero,
First,Caleb,
First,Calia,
First,Caliana,
First,Caliban,
First,Calla,
First,Callos,
First,Calyb,
First,Cam,
First,Camero,
First,Camerus,
First,Cameryn,
First,Camila,
First,Camilia,
Last,Camp,
Last,Campman,
First,Camryn,
Last,Candler,
Last,Canyon,
Last,Capers,
Last,Capman,
Last,Capp,
First,Carliss,
First,Carlos,
First,Carlotta,
First,Carlus,
First,Carolan,
Last,Carpenter,
Last,Carrier,
Last,Carryer,
Last,Carter,
First,Cartero,
Last,Carton,
First,Cartus,
Last,Cartwright,
First,Cartyr,
Last,Cash,
Last,Cast,
Last,Castaway,
Last,Caster,
First,Catherina,
First,Cathryn,
First,Catrina,
First,Cavo,
First,Cavos,
First,Celine,
First,Celyne,
First,Chaerles,
Last,Chandler,
Last,Chaplain,
Last,Chaplin,
First,Charlus,
First,Charly,
Last,Chestnut,
First,Chirles,
First,Chloe,
First,Chloeia,
First,Christo,
First,Christophyr,
First,Chrystan,
First,Chrystian,
Last,Church,
Last,Churchside,
First,Chyrles,
Last,Claimer,
First,Claira,
First,Claire,
First,Clara,
Last,Clay,
Last,Claymer,
Last,Clayms,
First,Clayra,
First,Clayre,
First,Cloe,
First,Cloey,
First,Cloia,
Last,Coaldigger,
Last,Coaler,
Last,Coalman,
Last,Coates,
Last,Cole,
Last,Coledegger,
Last,Coleman,
Last,Coler,
Last,Colt,
Last,Colter,
Last,Condor,
Last,Condorman,
First,Conner,
First,Connorus,
First,Connyr,
First,Conoro,
Last,Cook,
Last,Cooper,
Last,Copper,
Last,Coppers,
Last,Cotton,
Last,Cottonseed,
Last,Court,
Last,Crab,
Last,Crabb,
Last,Crabber,
Last,Crabman,
Last,Crafter,
Last,Cragg,
Last,Cragman,
Last,Craw,
Last,Cray,
Last,Crest,
Last,Crickets,
Last,Cricketts,
First,Cristeno,
First,Cristenos,
First,Cristian,
First,Cristofo,
First,Cristor,
First,Cristos,
Last,Cropman,
Last,Croppe,
First,Crystan,
Last,Curry,
Last,Curser,
First,Daemian,
First,Daenyel,
First,Daevo,
First,Dain,
Last,Dairyman,
First,Dale,
First,Dalia,
First,Dalian,
First,Dalilja,
First,Dalilya,
First,Dalio,
First,Dalyla,
First,Damien,
First,Damino,
First,Damjin,
First,Dammos,
First,Damyan,
First,Damyin,
First,Damyn,
First,Dan,
First,Danello,
First,Danellos,
First,Daniel,
First,Danjel,
First,Dann,
First,Dannel,
First,Dannos,
First,Danny,
First,Dano,
First,Danyel,
Last,Darkbrother,
Last,Darker,
Last,Darko,
Last,Darkstar,
Last,Darkwater,
Last,Darry,
Last,Darryman,
First,Davek,
First,David,
First,Davios,
First,Davo,
First,Davyd,
Last,Dayes,
Last,Days,
Last,Deacon,
Last,Deals,
Last,Decker,
Last,Decks,
Last,Deecon,
Last,Deeken,
Last,Deel,
Last,Deelaker,
Last,Deelman.,
Last,Deels,
Last,Deere,
Last,Deerman,
First,Delia,
First,Delila,
First,Delyla,
Last,Derry,
Last,Van Devries,
Last,Dice,
First,Diegon,
Last,Digger,
Last,Diggett,
Last,Diggman,
Last,Diggs,
Last,Doe,
First,Dominac,
First,Domino,
First,Domnac,
First,Domnik,
First,Domnos,
Last,Doones,
Last,Doons,
Last,Dougher,
Last,Dougherman,
Last,Draco,
Last,Dragon,
Last,Dragonfly,
Last,Dragonhoard,
Last,Dragonhord,
Last,Drake,
Last,Dreamer,
Last,Dredge,
Last,Dredger,
First,Dree,
Last,Dreemer,
Last,Dreems,
First,Dreia,
Last,Driver,
First,Drjia,
First,Dryia,
Last,Dryver,
Last,Dunes,
Last,Dunne,
Last,Dunneman,
Last,Dyce,
Last,Dycen,
Last,Dye,
Last,Dyer,
Last,Dyerson,
Last,Dyeworth,
First,Dylaen,
First,Dylan,
First,Dylus,
Last,Dyson,
Last,Ealer,
Last,Eales,
Last,Eddy,
Last,Eeler,
Last,Eeles,
First,Efan,
First,Efjan,
First,Efyan,
First,Egan,
First,Eli,
First,Elia,
First,Elian,
First,Eliana,
First,Elias,
First,Eligio,
First,Elihios,
First,Elijah,
First,Elijan,
First,Elio,
First,Elisabet,
First,Elisybeth,
First,Elius,
First,Eliyan,
First,Eljana,
First,Elje,
First,Ella,
First,Elli,
First,Ellia,
First,Ellie,
First,Ellios,
First,Ellja,
First,Ellya,
First,Elva,
First,Ely,
First,Elyana,
First,Elyas,
First,Elye,
First,Elyjah,
First,Elyna,
First,Elyssa,
First,Ema,
First,Emannos,
First,Emanolo,
First,Emanus,
First,Emilanus,
First,Emili,
First,Emilia,
First,Emilian,
First,Emiljan,
First,Emilyan,
First,Emma,
First,Emmanus,
First,Emmon,
First,Emmyn,
First,Emynwell,
First,Enrico,
First,Enrikos,
First,Ephanos,
First,Eric,
First,Ericus,
First,Erik,
First,Eryc,
First,Eryck,
First,Eryk,
First,Esekio,
First,Esekios,
First,Esran,
First,Esro,
First,Estelia,
First,Estella,
First,Etan,
First,Ethan,
First,Ethyn,
First,Eva,
First,Evan,
First,Evanio,
First,Evanus,
First,Evylann,
First,Evylen,
First,Evyn,
First,Ewan,
First,Ezekio,
First,Ezekius,
First,Ezekyel,
First,Ezran,
First,Ezro,
First,Ezros,
First,Ezrus,
First,Faline,
First,Falinia,
First,Falyne,
First,Fanna,
First,Fantina,
Last,Farmer,
Last,Farmor,
Last,Farrier,
Last,Feller,
Last,Felter,
Last,Felterman,
First,Feria,
First,Ferjia,
First,Ferra,
Last,Ferrimen,
Last,Ferry,
Last,Ferryman,
First,Feryia,
Last,Fielder,
Last,Fieldman,
Last,Fields,
Last,Fisher,
Last,Fishman,
Last,Flag,
Last,Flagg,
Last,Flats,
Last,Fletcher,
Last,Fletchett,
Last,Flowers,
Last,Foote,
Last,Forester,
Last,Forgeman,
Last,Forger,
Last,Forrest,
Last,Forrester,
Last,Fox,
Last,Foxx,
Last,Frey,
Last,Frogg,
Last,Frogman,
Last,Frost,
Last,Fry,
Last,Fryman,
Last,Furrman,
Last,Furrs,
First,Gabrael,
First,Gabreal,
First,Gabreil,
First,Gabrilo,
First,Gabrios,
First,Gabrjel,
First,Gabryel,
First,Gaebriel,
First,Gael,
First,Gaeus,
First,Gaevyn,
First,Gafjen,
First,Gafyn,
First,Gail,
First,Galan,
First,Gallos,
Last,Van Gandt,
Last,Gardener,
Last,Gardiner,
Last,Gardner,
Last,Garr,
First,Gavannos,
First,Gavano,
First,Gavin,
First,Gavyn,
First,Gayel,
First,Gayl,
First,Genaesis,
First,Genaesys,
First,Genesia,
First,Genesys,
First,Giaco,
First,Giacomo,
First,Giadeo,
First,Gianesia,
First,Gianna,
First,Giasson,
First,Giassonos,
First,Gina,
First,Ginna,
First,Gionato,
First,Gionatos,
First,Giorran,
First,Gioseno,
First,Giosenos,
First,Gioseppi,
First,Gioseppos,
First,Giosso,
First,Giovan,
First,Giulio,
Last,Glasier,
Last,Glass,
Last,Glazier,
Last,Glover,
Last,Gold,
Last,Golden,
Last,Goldman,
Last,Goldsmith,
Last,Goodbrother,
Last,Goodman,
First,Goshen,
First,Goshwa,
First,Grace,
First,Graddos,
First,Graece,
First,Graisen,
First,Graja,
First,Grassa,
First,Grassia,
First,Grassio,
First,Grassos,
First,Grasyn,
First,Gray,
First,Graya,
First,Grayce,
First,Graysen,
Last,Graysky,
First,Graysus,
First,Grazia,
Last,Green,
Last,Greene,
Last,Greenland,
Last,Greenscale,
Last,Greentide,
Last,Greentree,
Last,Greenwater,
Last,Greenyard,
Last,Grey,
Last,Greyscale,
Last,Greysteel,
Last,Grillett,
Last,Grills,
Last,Grove,
Last,Groveland,
Last,Groves,
First,Guan,
Last,Gulch,
First,Guliemo,
First,Guliemos,
Last,Gully,
First,Gwann,
First,Gwyllam,
First,Gwyllem,
First,Haddeo,
First,Haddeos,
First,Haddeus,
First,Hadeos,
First,Hadrian,
First,Hadsen,
First,Haenna,
First,Haesoe,
First,Haesus,
First,Haesys,
First,Hafjus,
First,Hafyus,
First,Halia,
First,Halie,
First,Halja,
Last,Hall,
First,Halya,
Last,Hammer,
Last,Hammett,
First,Han,
First,Hander,
Last,Handler,
First,Handros,
First,Handus,
First,Handyr,
First,Hanna,
First,Hannah,
First,Hano,
First,Hanos,
First,Hanro,
First,Hanros,
First,Hanto,
First,Hantos,
First,Hantus,
Last,Hardison,
Last,Hardland,
Last,Hardy,
Last,Harland,
First,Harold,
First,Haroldus,
First,Harper,
First,Harperia,
First,Haryld,
First,Hasselo,
Last,Hatchet,
Last,Hatson,
Last,Hatter,
Last,Hattiman,
Last,Hatty,
Last,Haul,
First,Havio,
First,Havius,
First,Havy,
Last,Hayes,
Last,Hays,
Last,Hayward,
First,Hazel,
First,Hazelia,
First,Hazyl,
Last,Heap,
Last,Heckes,
Last,Hecks,
Last,Heights,
First,Helian,
First,Helius,
First,Heljan,
Last,Helms,
Last,Helmsman,
First,Helyan,
Last,Hemings,
Last,Hemmings,
Last,Hemson,
Last,Henkeeper,
Last,Hennerman,
First,Henrik,
First,Henro,
Last,Herd,
Last,Herdland,
First,Hessos,
Last,Hex,
Last,Hides,
Last,Highland,
Last,Hightower,
Last,Hights,
Last,Hill,
Last,Hillclimber,
Last,Hills,
Last,Hites,
Last,Hoar,
Last,Hoard,
Last,Hoardigger,
Last,Holiday,
Last,Holier,
Last,Holliday,
Last,Hollier,
Last,Hollison,
Last,Holly,
Last,Holyday,
Last,Hood,
Last,Hook,
Last,Hooke,
Last,Hopper,
First,Horace,
First,Horacio,
Last,Hord,
Last,Hordegger,
First,Horgus,
First,Horus,
First,Horyce,
First,Horys,
First,Hosea,
First,Hoseas,
First,Hosius,
First,Hossen,
First,Hosso,
First,Hossos,
Last,House,
First,Hudsen,
First,Hudsyn,
First,Hulios,
Last,Hunter,
Last,Huntsman,
First,Huntyr,
Last,Hurd,
Last,Hyde,
Last,Van Hyden,
Last,Hydes,
Last,Hylls,
Last,Hylltopper,
First,Hynroe,
First,Hynrus,
First,Hynry,
Last,Hytes,
First,Iacono,
First,Iaen,
First,Iago,
First,Iagos,
First,Iamos,
First,Iamus,
First,Ian,
First,Ianio,
First,Ianus,
First,Iasmina,
First,Iasono,
First,Ibannos,
Last,Ice,
Last,Icecutter,
Last,Iceland,
Last,Icewind,
First,Iesso,
First,Ifjan,
Last,Iles,
First,Illa,
First,Imaena,
First,Imina,
Last,Inman,
Last,Innes,
Last,Innman,
First,Iono,
Last,Ironhoof,
Last,Irons,
Last,Ironshoe,
Last,Ironsmith,
First,Isaac,
First,Isaak,
First,Isabel,
First,Isabella,
First,Isaias,
First,Isajas,
First,Isak,
First,Isamo,
First,Isamos,
First,Isiah,
First,Isimo,
First,Isimos,
First,Isjah,
Last,Isles,
First,Ivaen,
First,Ivan,
First,Ivano,
First,Iveljin,
Last,Jack,
First,Jacob,
First,Jacoby,
First,Jacomo,
First,Jacus,
First,Jaden,
First,Jaeck,
First,Jaecob,
First,Jaecoby,
First,Jaeden,
First,Jaedyn,
First,Jaeremiah,
First,Jaeremy,
First,Jaesen,
First,Jak,
First,Jakob,
First,Jakomos,
First,Jakonos,
First,Jakos,
First,Jaks,
First,Jaksen,
First,Jamje,
First,Jamye,
First,Jan,
First,Janna,
First,Jannos,
First,Jarl,
First,Jasjen,
First,Jasmine,
First,Jasmyne,
First,Jason,
First,Jasonos,
First,Jasyn,
First,Jax,
First,Jaxon,
First,Jaxus,
First,Jaxyn,
First,Jayden,
First,Jaymes,
First,Jazmina,
First,Jella,
First,Jemina,
First,Jenesa,
First,Jenessa,
First,Jeraldo,
First,Jeremus,
First,Jesten,
First,Jestin,
Last,Jewels,
Last,Jewls,
First,Jianna,
First,Joathyn,
First,Jocelina,
First,Joceline,
First,Jocelyn,
First,Jocelyne,
First,Joeseph,
First,Jofan,
First,Johan,
First,John,
First,Johnus,
First,Jonaeth,
First,Jonaf,
First,Jonath,
First,Jonathyn,
First,Jonn,
First,Jonus,
First,Jorden,
First,Jordus,
First,Jordyn,
First,Joren,
First,Jorros,
First,Josaeth,
First,Josaeus,
First,Josayah,
First,Josef,
First,Josephus,
First,Joseth,
First,Joshen,
First,Joshoe,
First,Josius,
First,Josjen,
First,Josyah,
First,Jovan,
First,Jovanus,
First,Jovos,
First,Joyce,
Last,Jules,
First,Julian,
First,Juljan,
First,Julyan,
First,Julyo,
First,Jyck,
Last,Kabbage,
First,Kaeli,
First,Kaelia,
First,Kaelya,
First,Kaevin,
First,Kaila,
First,Kaliv,
First,Kalja,
First,Kalya,
First,Kamilia,
First,Kamilja,
First,Kamros,
First,Kamrus,
First,Kanus,
First,Karl,
First,Karlata,
First,Karlos,
First,Karlus,
First,Karolos,
First,Karros,
First,Kartus,
Last,Kast,
First,Kathrine,
First,Kathrinn,
First,Kathryn,
First,Kathryne,
First,Katja,
First,Katrina,
First,Katya,
First,Kayla,
Last,Kearse,
First,Kefjan,
First,Kefyan,
Last,Kerse,
Last,Kerser,
Last,Kettle,
Last,Kettleblack,
Last,Kettleman,
First,Kevan,
First,Kevin,
First,Kevyn,
Last,Kidd,
First,Kima,
First,Kimbera,
Last,Kipman,
Last,Kipper,
Last,Kipson,
First,Klara,
First,Kloja,
First,Kloya,
Last,Kneadler,
Last,Kneadman,
Last,Knight,
First,Konoros,
Last,Kopperfield,
First,Kristjan,
First,Kristofer,
First,Kristyan,
First,Kym,
First,Kyma,
First,Kymber,
First,Laendus,
First,Laevi,
First,Laila,
First,Lailana,
Last,Lain,
Last,Laine,
First,Lan,
First,Lana,
Last,Land,
First,Landen,
Last,Lander,
First,Lando,
First,Landon,
First,Landos,
First,Landyn,
Last,Lane,
First,Lanja,
First,Lanna,
First,Lanya,
First,Layla,
First,Laylanna,
First,Lea,
First,Leah,
Last,Leathers,
First,Lebbios,
First,Leena,
First,Lefi,
First,Leia,
First,Leja,
Last,Lender,
Last,Lenderman,
First,Lenus,
First,Leo,
First,Leon,
First,Leonaerdo,
First,Leonnos,
First,Leonus,
First,Leonyrdo,
Last,Lethers,
First,Levi,
First,Levio,
First,Levius,
First,Levy,
First,Leya,
First,Liam,
First,Liamo,
First,Liamos,
First,Liana,
First,Lilia,
First,Lilja,
First,Lily,
First,Lilya,
First,Lina,
First,Lincon,
First,Lincono,
First,Linconos,
First,Linconus,
First,Lincus,
First,Linkus,
First,Linus,
First,Lippi,
First,Lisabeta,
First,Lisbeth,
First,Ljam,
First,Ljenard,
First,Ljonus,
First,Ljuk,
Last,Lodge,
Last,Lodges,
First,Logaen,
First,Logan,
First,Logus,
First,Lokan,
First,Lona,
Last,Longdark,
Last,Longnight,
First,Loona,
First,Louis,
First,Luc,
First,Lucae,
First,Lucaen,
First,Lucaes,
First,Lucan,
First,Lucas,
First,Lucios,
First,Lucius,
First,Lucjius,
First,Luco,
First,Lucoe,
First,Lucos,
First,Lucus,
First,Lucyus,
First,Lugo,
First,Luho,
First,Luhos,
First,Lukas,
First,Lukios,
First,Luna,
First,Lyam,
First,Lyana,
First,Lyenard,
First,Lylia,
First,Lyly,
First,Lyna,
First,Lynard,
First,Lynardus,
First,Lyncon,
Last,Lynder,
First,Lynkus,
First,Lyonus,
First,Lysbeth,
First,Lyssa,
First,Lyssie,
First,Lyuk,
First,Madisinia,
First,Madisyn,
First,Madizinia,
First,Madjisa,
First,Madyisa,
First,Maedisa,
First,Maelania,
First,Maelya,
First,Maeson,
First,Maetho,
First,Maia,
Last,Mair,
First,Maja,
Last,Maker,
First,Maks,
First,Maksimos,
Last,March,
Last,Marcher,
Last,Mares,
Last,Marks,
Last,Marsh,
Last,Masen,
First,Masnos,
First,Mason,
First,Masono,
First,Massimo,
Last,Mast,
First,Masyn,
First,Mateo,
First,Mateos,
First,Mathew,
First,Mathoe,
First,Matje,
First,Matjus,
First,Matos,
First,Matt,
First,Matteus,
First,Mattius,
First,Matto,
First,Mattos,
First,Matye,
First,Matyus,
First,Maximer,
First,Maximo,
First,Maximus,
First,Maxus,
First,Maxymer,
Last,May,
First,Maya,
Last,Mayfly,
Last,Mayr,
First,Mea,
Last,Meadows,
First,Melania,
First,Melanja,
First,Melany,
First,Melanya,
First,Mena,
Last,Mercer,
First,Mia,
First,Michael,
First,Miglan,
First,Miglos,
First,Miglus,
First,Miguel,
First,Miguelos,
First,Migwell,
First,Mija,
First,Mila,
First,Milae,
First,Milannia,
First,Milia,
First,Miliano,
First,Milio,
First,Milja,
Last,Milk,
Last,Millard,
Last,Miller,
Last,Millet,
Last,Millett,
Last,Mills,
First,Milly,
First,Milya,
First,Milyannos,
First,Mina,
Last,Miner,
Last,Minor,
First,Mither,
First,Mithrus,
First,Mitje,
First,Mitro,
First,Mitros,
First,Mitye,
First,Miya,
First,Mjila,
Last,Mole,
Last,Moler,
Last,Moller,
Last,Molsen,
Last,Molson,
Last,Money,
Last,Monk,
Last,Monnee,
Last,Monny,
Last,Moon,
Last,Moss,
Last,Mosstree,
Last,Munk,
Last,Munnee,
Last,Munny,
First,Mya,
First,Mychael,
First,Mygwell,
First,Mykael,
First,Myla,
Last,Myner,
Last,Mynor,
First,Mythro,
First,Naemo,
First,Naethyn,
First,Naethynel,
First,Naome,
First,Naomi,
First,Natalia,
First,Nataliae,
First,Natalja,
First,Nataly,
First,Natalya,
First,Natan,
First,Natannos,
First,Nateo,
First,Nathan,
First,Nathanus,
First,Nathanyel,
First,Nathylie,
First,Nathyn,
First,Nathynel,
First,Natja,
First,Natjan,
First,Natjanus,
First,Natos,
First,Natta,
First,Natty,
First,Natya,
First,Natyan,
First,Natyanus,
First,Natylie,
Last,Needleman,
Last,Needler,
Last,Needleworth,
Last,Neepland,
Last,Neeps,
First,Nicholaes,
First,Nicholus,
First,Nicholys,
First,Nicola,
First,Nicolle,
First,Nicolo,
First,Nicolus,
First,Nicos,
First,Nik,
First,Nikola,
First,Nikolas,
First,Noam,
First,Nolan,
First,Nolannos,
First,Nolano,
First,Nolanus,
First,Nolen,
First,Nolyn,
First,Nom,
First,Nomi,
First,Nomia,
Last,Norland,
Last,Norman,
Last,North,
Last,Northland,
Last,Northman,
Last,Northstar,
Last,Nun,
Last,Nunn,
Last,Nutman,
Last,Nutt,
First,Nycholas,
First,Nycola,
First,Nycole,
Last,Oakes,
Last,Oaks,
Last,Oars,
Last,Oates,
Last,Oats,
First,Oewyn,
First,Oiara,
First,Ojara,
First,Ojin,
First,Olifja,
First,Olifya,
First,Olivia,
First,Olivus,
First,Olivya,
First,Olivyr,
First,Olliver,
First,Olver,
First,Olyva,
First,Ondrea,
Last,Oredigger,
Last,Ores,
Last,Orr,
Last,Orrdegger,
Last,Orrs,
Last,Orrsen,
Last,Orson,
First,Oscar,
First,Oscaro,
First,Oscarus,
First,Osco,
First,Oscoe,
First,Oscus,
First,Oskar,
First,Oskos,
First,Otio,
First,Ottios,
Last,Overfield,
Last,Overland,
Last,Overwise,
First,Owen,
First,Owyn,
Last,Oxbow,
First,Oyara,
First,Paenelope,
Last,Palewine,
Last,Palmer,
Last,Palms,
Last,Pan,
Last,Pannerman,
Last,Panning,
Last,Pans,
Last,Park,
Last,Parks,
Last,Peabody,
Last,Peaks,
Last,Peapod,
Last,Pearman,
Last,Peartree,
Last,Pease,
Last,Peeks,
Last,Peers,
First,Penelope,
First,Penny,
Last,Pepper,
Last,Peppers,
First,Pera,
First,Peria,
First,Perja,
First,Perya,
First,Pia,
Last,Pickens,
Last,Pickes,
Last,Picket,
Last,Picketts,
Last,Pickleman,
Last,Pickler,
Last,Pickles,
Last,Pickman,
Last,Piemaker,
Last,Pieman,
Last,Piers,
Last,Pike,
Last,Pikeclimber,
Last,Pikeman,
Last,Pikes,
Last,Pine,
First,Pinelopi,
Last,Pines,
First,Pinna,
First,Pippi,
Last,Pitch,
Last,Pix,
Last,Plant,
Last,Planter,
Last,Plaza,
Last,Plougherman,
Last,Ploughman,
Last,Plowman,
Last,Poisonweed,
Last,Poisonwood,
Last,Poleman,
Last,Pollard,
Last,Pollen,
Last,Pollin,
Last,Polliwog,
Last,Polly,
Last,Pollywog,
Last,Polman,
Last,Porter,
Last,Porter,
Last,Pott,
Last,Pottaker,
Last,Potter,
Last,Potts,
Last,Pound,
Last,Poundstone,
Last,Powers,
Last,Preacher,
Last,Preecher,
Last,Preest,
Last,Priest,
Last,Pyckes,
Last,Pyke,
Last,Pykeman,
Last,Pykes,
Last,Pyketopper,
Last,Pyne,
First,Pynelope,
Last,Pynes,
Last,Pytch,
Last,Quarrier,
Last,Quarryman,
Last,Quick,
Last,Quicke,
First,Raen,
Last,Rafman,
Last,Raftman,
Last,Rainard,
Last,Raines,
Last,Rains,
Last,Ratman,
Last,Ratt,
Last,Raynes,
Last,Rayns,
Last,Red,
Last,Redd,
Last,Redflats,
Last,Redmoon,
Last,Redscale,
Last,Redwine,
Last,Reed,
Last,Reede,
Last,Reedy,
Last,Reel,
Last,Reelings,
Last,Reines,
Last,Reins,
First,Remmos,
First,Remo,
First,Remus,
Last,Reynes,
Last,Reyns,
Last,Rhoads,
Last,Rhodes,
First,Rian,
First,Riana,
First,Rianna,
First,Riano,
First,Rianos,
Last,Rich,
Last,Riches,
Last,Richett,
Last,Richman,
First,Riddros,
Last,Rider,
First,Ridero,
First,Riderus,
Last,Ridge,
Last,Ridgeclimber,
Last,Ridgetopper,
First,Ridyr,
Last,Riggett,
Last,Riggs,
First,Rilia,
First,Rilie,
Last,River,
Last,Rivers,
First,Rjan,
First,Rjanna,
First,Rjila,
Last,Roades,
Last,Roasterman,
First,Robb,
First,Robbos,
First,Robero,
First,Robertus,
First,Robett,
First,Robjet,
First,Robyet,
Last,Rock,
Last,Rocker,
Last,Rockman,
Last,Rockridge,
First,Roman,
First,Romannos,
First,Romanus,
First,Romen,
First,Romyn,
Last,Roof,
Last,Roofe,
Last,Root,
Last,Roote,
Last,Rotman,
Last,Rotten,
First,Rubi,
First,Rubia,
First,Ruby,
Last,Rutland,
First,Ryan,
First,Ryanna,
Last,Ryde,
First,Ryder,
First,Ryderus,
First,Ryila,
First,Ryla,
First,Rylie,
First,Ryn,
First,Saccaros,
First,Saccoro,
Last,Saddler,
First,Saemuel,
Last,Saffron,
Last,Sage,
Last,Sageworthy,
Last,Sailer,
Last,Sailor,
Last,Saint,
Last,Salmon,
Last,Salt,
Last,Salter,
Last,Saltman,
First,Samaentha,
First,Samena,
First,Samentha,
First,Samitha,
First,Samitia,
First,Samitja,
First,Samitya,
First,Sammen,
First,Samos,
First,Samual,
First,Samuel,
First,Samwell,
First,Samytha,
Last,Sandflats,
Last,Sandman,
Last,Sands,
First,Santaegus,
First,Santegus,
First,Santjeg,
First,Santo,
First,Santos,
First,Santus,
First,Santyeg,
First,Sara,
First,Sarah,
First,Sarra,
First,Savanna,
First,Savannia,
Last,Sawyer,
Last,Sayler,
Last,Saylor,
Last,Scales,
First,Scarlet,
First,Scarletta,
First,Scarlotta,
Last,Schippman,
Last,Schipps,
Last,Scholyr,
Last,School,
Last,Seabreeze,
Last,Seales,
Last,Seals,
Last,Seaman,
Last,Seams,
Last,Seasalt,
Last,Season,
First,Sebasten,
First,Sebastio,
First,Sebastjan,
First,Sebastos,
First,Sebastyan,
Last,Seeman,
Last,Seems,
Last,Seemworth,
First,Sekjus,
First,Sekyus,
First,Selina,
First,Seline,
First,Selyne,
Last,Shaka,
First,Sharla,
First,Sharlotta,
First,Sharlotte,
Last,Shearer,
Last,Shears,
Last,Sheerer,
Last,Sheers,
Last,Shell,
Last,Sheller,
Last,Shelley,
Last,Shellman,
Last,Shellmound,
Last,Shepard,
Last,Shepherd,
Last,Shepyrd,
Last,Shields,
Last,Shieldson,
Last,Shine,
Last,Shipman,
Last,Shipps,
Last,Ships,
Last,Shoals,
Last,Shock,
Last,Shocker,
Last,Shoefly,
Last,Shoemaker,
Last,Shore,
Last,Shoreman,
Last,Shwimmer,
First,Siahus,
Last,Silver,
Last,Silverman,
Last,Silvermoon,
Last,Simmerman,
Last,Simms,
Last,Singer,
First,Skarje,
First,Skarlja,
First,Skarlya,
First,Skarye,
Last,Skeeter,
Last,Skelton,
Last,Skeltyn,
Last,Skito,
Last,Skolar,
Last,Skool,
Last,Slagg,
Last,Slagman,
Last,Slaughter,
Last,Small,
Last,Smalls,
Last,Smart,
Last,Smith,
Last,Smittens,
Last,Smitts,
Last,Smitty,
Last,Smoke,
Last,Smoker,
Last,Smyth,
Last,Smythett,
Last,Snailman,
Last,Snails,
Last,Snow,
Last,Snowes,
First,Sofi,
First,Sofia,
First,Soja,
First,Sophia,
First,Sophya,
First,Sosja,
First,Sosya,
Last,Soward,
Last,Sower,
First,Soya,
Last,Spade,
Last,Spader,
Last,Spanner,
Last,Spears,
Last,Speers,
Last,Speller,
Last,Spelling,
Last,Spiceman,
Last,Spicer,
Last,Springer,
Last,Springs,
Last,Stairs,
Last,Stall,
Last,Staller,
Last,Stallman,
Last,Stalls,
Last,Stallworth,
Last,Star,
Last,Starr,
Last,Steel,
Last,Steele,
Last,Steelman,
First,Stella,
First,Stelly,
Last,Stern,
Last,Sterne,
Last,Stillwater,
Last,Stitches,
Last,Stitchworth,
Last,Stone,
Last,Stoneflats,
Last,Stoneman,
First,Stonnos,
Last,Storm,
Last,Storms,
Last,Streams,
Last,Streems,
Last,Street,
Last,Streets,
Last,Strider,
Last,Stryder,
First,Stylla,
Last,Summers,
Last,Sunn,
Last,Sunner,
Last,Swift,
Last,Swimmer,
Last,Swords,
Last,Swordson,
Last,Swyft,
Last,Swymmer,
First,Sybasten,
Last,Sylver,
First,Taegus,
First,Tago,
First,Tagos,
First,Tagus,
Last,Tailor,
First,Talea,
First,Talia,
First,Talya,
Last,Tanner,
Last,Tannerman,
Last,Tar,
Last,Tarr,
Last,Tate,
Last,Tater,
Last,Taylor,
First,Teddus,
Last,Teech,
Last,Teeches,
First,Tella,
First,Teodoro,
First,Teodus,
First,Thaeodore,
First,Thalia,
First,Thedoras,
Last,Theery,
First,Theodor,
First,Theodorus,
First,Theodus,
Last,Thick,
Last,Thicke,
First,Thom,
First,Thomas,
First,Thomys,
Last,Thredd,
Last,Threddaker,
Last,Threddler,
Last,Threddman,
Last,Thresh,
Last,Threshett,
Last,Thyme,
First,Tiago,
First,Tiagon,
Last,Tidewater,
Last,Tiller,
Last,Tillman,
First,Tilo,
First,Tiloros,
First,Tilus,
First,Tilyr,
Last,Tine,
Last,Tinker,
Last,Tinman,
Last,Tinn,
First,Tofer,
First,Tomm,
First,Tommas,
First,Tommos,
First,Tommus,
First,Tomo,
First,Tomus,
First,Tophyr,
First,Tornos,
Last,Towers,
Last,Townes,
Last,Towney,
Last,Towns,
Last,Townsend,
Last,Towny,
Last,Trainer,
Last,Trainor,
Last,Trout,
Last,Tudor,
Last,Tuggs,
Last,Tugman,
Last,Tumbleweed,
Last,Tutor,
First,Ty,
First,Tyago,
First,Tyego,
First,Tylla,
First,Tylor,
First,Tylus,
Last,Tyne,
Last,Tynn,
First,Uenio,
Last,Underhill,
Last,Underman,
Last,Underwood,
First,Unnos,
First,Uwyn,
First,Uzoia,
First,Vala,
First,Valea,
First,Valentina,
First,Valentyna,
First,Valeria,
First,Valerie,
First,Valerja,
First,Valerya,
First,Valia,
First,Valja,
First,Valya,
First,Vanna,
Last,Vicker,
Last,Vickers,
First,Victor,
First,Victora,
First,Victoran,
First,Victoria,
First,Victorus,
First,Victorya,
First,Victyr,
Last,Vikars,
First,Viktor,
First,Viktorja,
First,Viktorya,
First,Viktus,
First,Vila,
First,Vilettia,
First,Vincenso,
First,Vincent,
First,Vincentus,
First,Vincenzo,
First,Vincynt,
Last,Vineland,
Last,Vines,
First,Vinkus,
First,Vinnos,
Last,Vintner,
First,Vintus,
First,Viola,
First,Violet,
First,Violetta,
Last,Vista,
First,Vittora,
First,Vittoria,
First,Vyctor,
Last,Vykar,
First,Vyla,
First,Vynce,
First,Vyncent,
First,Vyntus,
Last,Wackes,
Last,Wahl,
Last,Wahls,
Last,Wain,
Last,Wainwright,
Last,Walker,
Last,Wall,
Last,Waller,
Last,Walls,
First,Wann,
First,Wanny,
Last,Ware,
Last,Water,
Last,Waterman,
Last,Waters,
Last,Watters,
Last,Wax,
Last,Waxman,
Last,Wayn,
Last,Wayne,
Last,Waynwright,
Last,Weaver,
Last,Weever,
Last,Wheat,
Last,Wheatley,
Last,Wheatly,
Last,Whitard,
Last,White,
Last,Whitesky,
Last,Whitewater,
Last,Whittaker,
Last,Whyte,
First,Wilhelm,
First,Willam,
First,Willem,
Last,Wineman,
Last,Winnower,
Last,Winnows,
Last,Winter,
Last,Wintermoon,
Last,Winters,
Last,Wise,
First,Wjat,
Last,Wood,
Last,Woode,
Last,Wooden,
Last,Woodhouse,
Last,Woods,
Last,Woodyn,
Last,Wool,
Last,Woolard,
Last,Woolworth,
Last,Worms,
Last,Worthy,
Last,Wurms,
First,Wyaett,
First,Wyat,
Last,Wynters,
First,Wytt,
First,Wyttus,
First,Xander,
First,Xandyr,
First,Xavios,
First,Xavius,
First,Xavy,
First,Xavyer,
First,Ximena,
First,Yaden,
First,Yago,
First,Yak,
First,Yakob,
First,Yaks,
First,Yaksen,
First,Yan,
First,Yanna,
Last,Yardley,
Last,Yardly,
Last,Yards,
First,Yarl,
First,Yasmine,
Last,Ycecutter,
Last,Yceland,
Last,Ycewind,
First,Yella,
First,Yemina,
First,Yenesa,
First,Yesten,
First,Yestin,
First,Yfan,
First,Ygan,
First,Yofan,
First,Yohan,
First,Yonaf,
First,Yonnos,
First,Yoren,
First,Yosef,
First,Yoshen,
First,Yosyen,
Last,Yrons,
First,Ysaac,
First,Ysabel,
First,Ysaiah,
First,Ysak,
First,Ysiah,
First,Yulian,
First,Yvan,
First,Yvelyn,
First,Yzra,
First,Zachaery,
First,Zachar,
First,Zacharus,
Last,Zapp,
Last,Zappa,
First,Zeckus,
First,Zeek,
First,Zeke,
First,Zoe,
First,Zoea,
First,Zoeia,
First,Zoesia,
First,Zoey,
First,Zofia,
First,Zoia,
First,Zosia,
First,Zosy,
First,Zusia,
First,Aaro,
First,Aaron,
First,Aaryn,
First,Abelan,
First,Abigail,
First,Abigala,
First,Abigayl,
First,Abryia,
First,Adran,
First,Adrie,
First,Adrik,
First,Aelar,
First,Affyria,
First,Agaro,
First,Akmenos,
First,Akra,
First,Akta,
First,Alarcion,
First,Alathar,
First,Alberich,
First,Aleslosh,
First,Alethra,
First,Alston,
First,Althaea,
First,Alton,
First,Alvyn,
First,Amafrey,
First,Amber,
First,Amnon,
First,Anakis,
First,Anastrianna,
First,Ander,
First,Andraste,
First,Andry,
First,Andujar,
First,Ankhus,
First,Anlow,
First,Antinua,
First,Anton,
First,Aoth,
First,Ara,
First,Aramil,
First,Arando,
First,Arannis,
First,Archidius,
First,Ariandar,
First,Arizima,
First,Arjhan,
First,Arkadi,
First,Armagan,
First,Armarius,
First,Armek,
First,Armillius,
First,Arnan,
First,Arromar,
First,Artana,
First,Arthan,
First,Artin,
First,Arveene,
First,Aryllan,Diamond
First,Arzan,
First,Aseir,
First,Ashhearth,
First,Atala,
First,Atalya,
First,Audhild,
First,Aust,
First,Auxlan,
First,Avamir,
First,Axaran,
First,Ayrthwil,
First,Azura,
First,Badger,
First,Baelnar,
First,Baern,
First,Baggi,
First,Balama,
First,Balasar,
First,Balfam,
First,Balmoloch,
First,Barakas,
First,Bardeid,
First,Bardryn,
First,Barendd,
First,Bareris,
First,Bariken,
First,Beiro,
First,Belaxarim,
First,Berrian,
First,Betha,
First,Bethrynna,
First,Beyla,
First,Bharash,
First,Bimpnottin,
First,Birel,
First,Biri,
First,Blath,
First,Boddynock,
First,Bor,
First,Borel,
First,Borivik,
First,Bork没l,
First,Bram,
First,Bran,
First,Bree,
First,Breena,
First,Brevarr,
First,Brey,
First,Brocc,
First,Brottor,
First,Bruenor,
First,Bryn,
First,Bryseis,
First,Burgell,
First,Bvachan,
First,Cade,
First,Caelynn,
First,Calderax,
First,Cale,
First,Caliope,
First,Callie,
First,Caramip,
First,Carlin,
First,Carric,
First,Carvin,
First,Carydion,
First,Cataclysmia,
First,Cavian,
First,Cefrey,
First,Ceidil,
First,Cenereth,
First,Chathi,
First,Chorum,
First,Cloak,
First,Cora,
First,Corby,
First,Corrin,
First,Corynax,
First,Criella,
First,Cullen,
First,Daar,
First,Dacian,
First,Daelius,
First,Dagnal,
First,Dain,
First,Dalkon,
First,Damaceus,
First,Damaia,
First,Damakos,
First,Dark没l,
First,Darrak,
First,Darvin,
First,Daylen,
First,Decimeth,
First,Del,
First,Delg,
First,Demedor,
First,Demerian,
First,Dench,
First,Diero,
First,Diesa,
First,Dimble,
First,Djemidor,
First,Dodd,
First,Dolmen,
First,Domitia,
First,Dona,
First,Donaar,
First,Donella,
First,Dorethau,
First,Dorn,
First,Doublelock,
First,Draxan,
First,Drusilia,
First,Dungarth,
First,Duvamil,
First,Dynachus,
First,Dyrk,
First,Dyrnar,
First,Ea,
First,Eandro,
First,Eberk,
First,Egen,
First,Ehput-Ki,
First,Einkil,
First,Ekemon,
First,Eldeth,
First,Eldon,
First,Elgoth,
First,Ella,
First,Ellyjobell,
First,Ellywick,
First,Emen,
First,Emily,
First,Engong,
First,Enialis,
First,Enna,
First,Erag,
First,Erdan,
First,Erevan,
First,Erky,
First,Ernest,
First,Errich,
First,Eryn,
First,Esvele,
First,Euphemia,
First,Evendur,
First,Excellence,
First,Ezegan,
First,Faen,
First,Faila,
First,Falken,
First,Falkrunn,
First,Fargrim,
First,Farideh,
First,Farlien,
First,Faurgar,
First,Fayal,
First,Feck,
First,Felosial,
First,Feng,
First,Fenryl,
First,Fenton,
First,Ferel,
First,Ferrek,
First,Filchbatter,
First,Finellen,
First,Finnan,
First,Flint,
First,Fnipper,
First,Fodel,
First,Fonkin,
First,Frath,
First,Frug,
First,Fyevarra,
First,Gaerlan,
First,Galinndan,
First,Gardain,
First,Garm没l,
First,Garret,
First,Gedi,
First,Gell,
First,Gerbo,
First,Geth,
First,Ghesh,
First,Ghorvas,
First,Gimble,
First,Glar,
First,Glim,
First,Glint,
First,Gorstag,
First,Grassus,
First,Grax,
First,Grenenzel,
First,Grigor,
First,Grim,
First,Grimmalk,
First,Gryphero,
First,Gunnloda,
First,Gurdis,
First,Hacari,
First,Hadarai,
First,Haeltar,
First,Hagar,
First,Halagmar,
First,Halius,
First,Hallan,
First,Halzar,
First,Hama,
First,Harann,
First,Harbek,
First,Haseid,
First,Havilar,
First,Heian,
First,Heleph,
First,Helja,
First,Helm,
First,Henk,
First,Heron,
First,Heskan,
First,Himo,
First,Hlant,
First,Hlin,
First,Holg,
First,Hulmarra,
First,Iados,
First,Iafalior,
First,Ielenia,
First,Igan,
First,Ilde,
First,Immeral,
First,Immith,
First,Imsh,
First,Imzel,
First,Incirion,
First,Innil,
First,Inzul,
First,Iojad,
First,Iritra,
First,Irva,
First,Ivellios,
First,Ivor,
First,Jalana,
First,Jandar,
First,Jasmal,
First,Jebeddo,
First,Jelenneth,
First,Jeras,
First,Jeryl,
First,Jheri,
First,Jhessail,
First,Jillian,
First,Kaelthorn,
First,Kairon,
First,Kalaradian,
First,Kalas,
First,Kallista,
First,Kamien,
First,Kanithar,
First,Kansif,
First,Kara,
First,Kasaki,
First,Katernin,
First,Kathra,
First,Kava,
First,Kazimir,
First,Keffen,
First,Kellen,
First,Kerri,
First,Keth,
First,Kethoth,
First,Kethra,
First,Keyleth,
First,Khagra,
First,Khemed,
First,Khiraj,
First,Kildrak,
First,Kithri,
First,Korinn,
First,Korlag,
First,Kosef,
First,Krag,
First,Kreytzen,
First,Krim,
First,Kristryd,
First,Kriv,
First,Krusk,
First,Krynt,
First,Krystolari,
First,Ku,
First,Kurman,
First,Kylem,
First,Kynt,
First,Kzandro,
First,Lachira,
First,Lael,
First,Laethan,
First,Lander,
First,Laucian,
First,Lavant,
First,Lavinia,
First,Lejek,
First,Leliar,
First,Leodor,
First,Lerissa,
First,Leshanna,
First,Leskyn,
First,Leucis,
First,Levatra,
First,Leyten,
First,Leytra,
First,Lia,
First,Lidda,
First,Liftrasa,
First,Lilli,
First,Lindal,
First,Lokara,
First,Loopmottin,
First,Lorak,
First,Lorelei,
First,Lorifir,
First,Lorilla,
First,Luisa,
First,Lureene,
First,Lurka,
First,Lurtrum,
First,Luth,
First,Lyfalia,
First,Lyle,
First,Machem,
First,Madian,
First,Madislak,
First,Maetheus,
First,Makaria,
First,Malagar,
First,Malark,
First,Malcer,
First,Malfias,
First,Malfier,
First,Mar,
First,Mara,
First,Marchion,
First,Marcon,
First,Mardam,
First,Mardnab,
First,Mardred,
First,Markus,
First,Marnia,Redtide
First,Marta,
First,Maulnar,
First,Mecretia,
First,Medrash,
First,Mehen,
First,Mehmen,
First,Meilil,
First,Meklan,
First,Melech,
First,Melgar,
First,Mella,
First,Menerus,
First,Meriele,
First,Merla,
First,Merric,
First,Mhurren,
First,Mialee,
First,Milo,
First,Milvia,
First,Mindartis,
First,Mirabel,
First,Miri,
First,Mishann,
First,Mival,
First,Morak,
First,Mordai,
First,Morgran,
First,Morian,
First,Morn,
First,Morthos,
First,Mumed,
First,Murithi,
First,Myev,
First,Myrka,
First,Nadarr,
First,Naeris,
First,Naill,
First,Naivara,
First,Nala,
First,Namazeus,
First,Namen,
First,Namfoodle,
First,Natali,
First,Navaren,
First,Navarra,
First,Naya,
First,Nazir,
First,Nedam,
First,Nedda,
First,Neega,
First,Neff,
First,Nemeia,
First,Nensis,
First,Nephis,
First,Nericia,
First,Nerle,
First,Nevek,
First,Nilus,
First,Nim,
First,Ningyan,
First,Nissa,
First,Norris,
First,Nulara,
First,Nyx,
First,Oda,
First,Oleran,
First,Olga,
First,Olma,
First,Oneshoe,
First,Orel,
First,Orianna,
First,Orla,
First,Orne,
First,Orobok,
First,Orryn,
First,Orsik,
First,Osborn,
First,Oskar,
First,Ovak,
First,Ownka,
First,Paela,
First,Paelias,
First,Pandjed,
First,Patrin,
First,Pavel,
First,Pelaios,
First,Peren,
First,Perra,
First,Perrin,
First,Phann,
First,Pharana,
First,Phelaia,
First,Pieron,
First,Piper,
First,Pock,
First,Portia,
First,Praxana,
First,Precious,
First,Prismeus,
First,Pyranikus,
First,Quara,
First,Quarion,
First,Quarrel,
First,Quelenna,
First,Quentin,
First,Quillathe,
First,Rabbit,
First,Rael,
First,Raiann,
First,Rain,
First,Ralmevik,
First,Ramas,
First,Randal,
First,Rangrim,
First,Ravaran,
First,Razaan,
First,Razortail,
First,Reed,
First,Remora,
First,Rhogar,
First,Riardon,
First,Rieta,
First,Rilkin,
First,Rimardo,
First,Rinn,
First,Riswynn,
First,Rixi,
First,Rogath,
First,Rokel,
First,Roken,
First,Roksana,
First,Rolen,
First,Romero,
First,Ronefel,
First,Ront,
First,Roondar,
First,Rosalyn,
First,Roscoe,
First,Rowan,
First,Roywyn,
First,Rozag,
First,Rurik,
First,Rylef,
First,Sabakzar,
First,Sabretha,
First,Sachil,
First,Sai,
First,Saidi,
First,Salazar,
First,Samantia,
First,Sannl,
First,Sarax,
First,Sarcha,
First,Sariel,
First,Sarram,
First,Savaxis,
First,Savian,
First,Seebo,
First,Sefris,
First,Seipora,
First,Sejanus,
First,Selise,
First,Semil,
First,Seraphina,
First,Sergor,
First,Sevenson,
First,Severian,
First,Seylas,Springs
First,Shaena,
First,Shamash,
First,Shamil,
First,Shanairra,
First,Shandri,
First,Sharak,
First,Shaumar,
First,Shautha,
First,Shava,
First,Shedinn,
First,Shevarra,
First,Shirren,
First,Shump,
First,Siangar,
First,Silaqui,
First,Silifrey,
First,Sindri,
First,Sirivistra,
First,Sirizan,
First,Skamos,
First,Smethykk,
First,Snakebait,
First,So-Kehur,
First,Sora,
First,Soveliss,
First,Sparklegem,
First,Stedd,
First,Steveren,
First,Stor,
First,Stumbleduck,
First,Sudeiman,
First,Sufana,
First,Suffer,
First,Sunan,
First,Sunshine,
First,Surina,
First,Sutha,
First,Swargar,
First,Syken,
First,Syllin,
First,Szuran,
First,Tajan,
First,Taklinn,
First,Talfen,
First,Tamajon,
First,Taman,
First,Tamara,
First,Tammith,
First,Tamond,
First,Tana,
First,Tanika,
First,Taran,
First,Tarfen,
First,Tarhun,
First,Tarkus,
First,Tavon,
First,Teg,
First,Tegan,
First,Tenahn,
First,Tenerife,
First,Tessele,
First,Tevior,
First,Thamior,
First,Tharivol,
First,Thava,
First,Thazar-De,
First,Theirastra,
First,Therai,
First,Theren,
First,Thia,
First,Thirya,
First,Thokk,
First,Thola,
First,Thoradin,
First,Thorbalt,
First,Thorin,
First,Thurlfara,
First,Tilly,
First,Titch,
First,Toira,
First,Torbera,
First,Tordek,
First,Torgga,
First,Torinn,
First,Toxal,
First,Traubon,
First,Travok,
First,Traya,
First,Tredigar,
First,Trym,
First,Tuck,
First,Tura,
First,Tylsa,
First,Tzegyr,
First,Uadjit,
First,Ulfgar,
First,Umara,
First,Umbero,
First,Urhur,
First,Urth,
First,Vab没l,
First,Vadania,
First,Vaius,
First,Valanthe,
First,Vall,
First,Vanan,
First,Vani,
First,Vantajar,
First,Varis,
First,Vauldra,
First,Veit,
First,Veklani,
First,Velavia,
First,Velene,
First,Vencia,
First,Venefiq,
First,Verna,
First,Vexia,
First,Veyas,
First,Vharkus,
First,Vil,
First,Vincent,
First,Vistra,
First,Vistrum,
First,Vladislak,
First,Vola,
First,Volen,
First,Vonda,
First,Vondal,
First,Vronwe,
First,Vrumadi,
First,Vzani,
First,Warryn,
First,Waywocket,
First,Wellby,
First,Westra,
First,Whim,
First,Wolvar,
First,Wrenn,
First,Xafiq,
First,Xanaphia,
First,Xandrilla,
First,Xerek,
First,Yasheira,
First,Yevelda,
First,Yuldra,
First,Zaidi,
First,Zanna,
First,Zanthe,
First,Zarkhil,
First,Zasheida,
First,Zasheir,
First,Zebel,
First,Zereni,
First,Zeth,
First,Zethaya,
First,Zevon,
First,Ziza,
First,Zolis,
First,Zook,
First,Zora,
First,Zovra,
Last,Ackes,
Last,Agosto,
Last,Ales,
Last,Alley,
Last,Altarside,
Last,Amakiir,
Last,Amarzian,
Last,Amastacia,
Last,Ambershard,
Last,Amblecrown,
Last,Anchor,
Last,Angler,
Last,Ankhalab,
Last,Anskuld,
Last,Anvill,
Last,Appletree,
Last,Arch,
Last,Arkalis,
Last,Armanci,
Last,Astorio,
Last,Autumnloft,
Last,Balderk,
Last,Balefrost,
Last,Banks,
Last,Barr,
Last,Barrelhelm,
Last,Basha,
Last,Battlehammer,
Last,Battlestone,
Last,Bay,
Last,Beren,
Last,Bersk,
Last,Biggs,
Last,Bilger,
Last,Billy,
Last,Blackstrand,
Last,Blackwater,
Last,Bobbin,
Last,Brawnanvil,
Last,Briarfell,
Last,Bright,
Last,Brightwater,
Last,Brightwood,
Last,Brushgather,
Last,Buckman,
Last,Calabra,
Last,Carnago,
Last,Carnavon,
Last,Caskajaro,
Last,Chergoba,
Last,Chernin,
Last,Clethtinthiallor,
Last,Coldshore,
Last,Copperhearth,
Last,Coyle,
Last,Cresthill,
Last,Cuttlescar,
Last,Daardendrian,
Last,Daargen,
Last,Daergel,
Last,Daggersharp,
Last,Dalicarlia,
Last,Danamark,
Last,Dankil,
Last,Deepmiddens,
Last,Deepstrider,
Last,Delmirev,
Last,Diamonddew,
Last,Domarien,
Last,Domine,
Last,Donoghan,
Last,Dotsk,
Last,Drachedandion,
Last,Drakantal,
Last,Drumwind,
Last,Dumein,
Last,Dundragon,
Last,Dunhall,
Last,Dyernina,
Last,Ereghast,
Last,Evenwind,
Last,Evenwood,
Last,Evermead,
Last,Falck,
Last,Fallenbridge,
Last,Falone,
Last,Faringray,
Last,Fenkenkabradon,
Last,Fezim,
Last,Fireforge,
Last,Fletcher,
Last,Folkor,
Last,Frostbeard,
Last,Fryft,
Last,Galanodel,
Last,Garkalan,
Last,Garrick,
Last,Gemblossom,
Last,Gemflower,
Last,Goldpetal,
Last,Goldrudder,
Last,Goodbarrel,
Last,Gorunn,
Last,Grantham,
Last,Graylock,
Last,Graytrails,
Last,Greenbottle,
Last,Greycastle,
Last,Grimtor,
Last,Gullscream,
Last,Hackshield,
Last,Hahpet,
Last,Helder,
Last,High-hill,
Last,Hilltopple,
Last,Hindergrass,
Last,Holderhek,
Last,Holimion,
Last,Hollowpot,
Last,Hornraven,
Last,Ilphelkiir,
Last,Iltazyara,
Last,Ironfist,
Last,Irongull,
Last,Iscalon,
Last,Iscitan,
Last,Jassan,
Last,Kepeshkmolik,
Last,Kerrhylon,
Last,Khalid,
Last,Kimbatuul,
Last,Kreel,
Last,Kroft,
Last,Kulenov,
Last,Lackman,
Last,Lamoth,
Last,Leagallow,
Last,Leerstrom,
Last,Liadon,
Last,Linxakasendalor,
Last,Loderr,
Last,Lutgehr,
Last,Lynchfield,
Last,Marivaldi,
Last,Markolak,
Last,Marsk,
Last,Meliamne,
Last,Meluzan,
Last,Menetrian,
Last,Moonbrook,
Last,Mooncairn,
Last,Moonridge,
Last,Moonwhisper,
Last,Mostana,
Last,Murnig,
Last,Murnyethara,
Last,Myastan,
Last,Nackle,
Last,Nailo,
Last,Nathandem,
Last,Nemetsk,
Last,Nemmonis,
Last,Netheridge,
Last,Nightbreeze,
Last,Ningel,
Last,Norixius,
Last,Oakenheart,
Last,Oakenheel,
Last,Ophinshtalajiir,
Last,Paradas,
Last,Pashar,
Last,Pisacar,
Last,Prexijandilin,
Last,Puddle,
Last,Pyncion,
Last,Raftmite,
Last,Ramcrown,
Last,Ramondo,
Last,Ratley,
Last,Raulnor,
Last,Redraven,
Last,Rein,
Last,Revenmar,
Last,Riverwall,
Last,Rockharvest,
Last,Romazi,
Last,Roxley,
Last,Rumnaheim,
Last,Sarzan,
Last,Scheppen,
Last,Sell,
Last,Sepret,
Last,Seratolva,
Last,Serechor,
Last,Shadowhorn,
Last,Shanks,
Last,Shattermast,
Last,Shaulfer,
Last,Shemov,
Last,Shestendeliath,
Last,Siannodel,
Last,Silverfin,
Last,Silverfrond,
Last,Silvergraft,
Last,Silvertarn,
Last,Skandalor,
Last,Skiprock,
Last,Starag,
Last,Starflower,
Last,Stavenger,
Last,Stayanoga,
Last,Stormchapel,
Last,Stormwind,
Last,Stormwolf,
Last,Strakeln,
Last,Strong,
Last,Summergale,
Last,Sunshadow,
Last,Swiller,
Last,Szereban,
Last,Talandro,
Last,Tallstag,
Last,Tanglestrand,
Last,Targana,
Last,Tealeaf,
Last,Thorngage,
Last,Timbers,
Last,Torunn,
Last,Torzalan,
Last,Tosscobble,
Last,Towerfall,
Last,Trelenus,
Last,Trevethor,
Last,Tricker,
Last,Tryphon,
Last,Turen,
Last,Turnuroth,
Last,Ulmokina,
Last,Umbermoor,
Last,Underbough,
Last,Ungart,
Last,Uuthrakt,
Last,Vadu,
Last,Varcona,
Last,Varzand,
Last,Verthisathurgiesh,
Last,Vinaker,
Last,Voortham,
Last,Vrago,
Last,Vrye,
Last,Webb,
Last,Welfer,
Last,Willowrush,
Last,Wilxes,
Last,Winaker,
Last,Windrivver,
Last,Wintermere,
Last,Woodenhawk,
Last,Wygarthe,
Last,Xiloscient,
Last,Yarjerit,
Last,Yellowcrane,
Last,Zarkanan,
Last,Zatchet,
Last,Zethergyll,
